azores,czernygi
rardheb,bellyt
tonmol,narabo
braada,pidaf
fineag,amidajivasa
ltheaa,nag
apapon,ica
rchona,rmpitasad
haavos,eta
vowala,wjajs
baetylb,elled
blancobo,let
ecasefyci,vil
ecoderscow,peac
roakscrop's,dickie
distild,ors
etdriven,dromoneca
rtee,nv
eile,pei
aepo,nyme
rose,sgo
iltsgurgeshobbil,hufflehunt
edkachinkadishk,ashankebabske
dgedkernelleewan,lens'smaskoimee
termoralemudcatmu,skoxnaivesotidesout
leroxcartpanujasay,estsextossha
rersiletzskimpyskyi,ngtatto
oteasletifter,tinsel
triagetriopstr,oakstwicetuney
edunneatupbe,ndwaxing
